{
  "plan_details": {
    "name": "ABSLI Nishchit Aayush Plan",
    "type": "A Non-Linked, Non-Participating, Individual Savings Life Insurance Plan",
    "coverage": "All Individuals (Male | Female | Transgender)"
  },
  "premium_payment_and_policy_terms": {
    "long_term_income": [
      {
        "premium_payment_term": "6 pay",
        "policy_term": 25
      },
      {
        "premium_payment_term": "8 pay",
        "policy_term": 30
      },
      {
        "premium_payment_term": "10 pay",
        "policy_term": 35
      },
      {
        "premium_payment_term": "12 pay",
        "policy_term": 40
      }
    ],
    "whole_life_income": {
      "policy_term": "100 (-) age at entry"
    }
  }
}