{
  "Income_Benefit_Factors": {
    "Sum_Assured_Multiple": "10 times of Annualized Premium",
    "Premium_Payment_Term": "10 years",
    "Deferment_Period": "0 year",
    "Premium_Band": "₹1,00,000 to ₹1,99,999",
    "Variants": [
      {
        "Name": "Level Income with Lump sum Benefit",
        "Long_Term_Income": {
          "Age_30": {
            "Term_30": 37.50,
            "Term_40": 37.35,
            "Term_50": 35.20
          },
          "Age_35": {
            "Term_30": 37.60,
            "Term_40": 37.50,
            "Term_50": 35.50
          },
          "Age_40": {
            "Term_30": 37.90,
            "Term_40": 37.75,
            "Term_50": "NA"
          },
          "All_Ages": {
            "Term_30": 36.45,
            "Term_40": 35.75,
            "Term_50": 34.00
          }
        },
        "Whole_Life_Income": {
          "Age_30": 37.50,
          "Age_35": 37.60,
          "Age_40": 37.90,
          "All_Ages": 36.45
        }
      },
      {
        "Name": "Level Income with Enhanced Lump sum Benefit",
        "Long_Term_Income": {
          "Age_30": {
            "Term_30": 33.55,
            "Term_40": 33.55,
            "Term_50": 32.00
          },
          "Age_35": {
            "Term_30": 32.65,
            "Term_40": 32.65,
            "Term_50": 31.85
          },
          "Age_40": {
            "Term_30": 36.05,
            "Term_40": 36.05,
            "Term_50": "NA"
          },
          "All_Ages": {
            "Term_30": 35.05,
            "Term_40": 34.15,
            "Term_50": 32.30
          }
        },
        "Whole_Life_Income": {
          "Age_30": 33.55,
          "Age_35": 32.65,
          "Age_40": 36.05,
          "All_Ages": 35.05
        }
      },
      {
        "Name": "Increasing Income with Lump sum Benefit",
        "Long_Term_Income": {
          "Age_30": {
            "Term_30": 34.95,
            "Term_40": 34.90,
            "Term_50": 32.85
          },
          "Age_35": {
            "Term_30": 34.95,
            "Term_40": 34.95,
            "Term_50": 32.60
          },
          "Age_40": {
            "Term_30": 35.25,
            "Term_40": 35.00,
            "Term_50": "NA"
          },
          "All_Ages": {
            "Term_30": 32.90,
            "Term_40": 32.50,
            "Term_50": 31.35
          }
        },
        "Whole_Life_Income": {
          "Age_30": 34.95,
          "Age_35": 34.95,
          "Age_40": 35.25,
          "All_Ages": 32.90
        }
      },
      {
        "Name": "Level Income with Return of Premium Benefit",
        "Long_Term_Income": {
          "Age_30": {
            "Term_30": 38.70,
            "Term_40": 38.55,
            "Term_50": 36.15
          },
          "Age_35": {
            "Term_30": 39.30,
            "Term_40": 38.95,
            "Term_50": 36.55
          },
          "Age_40": {
            "Term_30": 40.10,
            "Term_40": 39.55,
            "Term_50": "NA"
          },
          "All_Ages": {
            "Term_30": 36.70,
            "Term_40": 36.05,
            "Term_50": 34.10
          }
        },
        "Whole_Life_Income": {
          "Age_30": 38.70,
          "Age_35": 39.30,
          "Age_40": 40.10,
          "All_Ages": 36.70
        }
      },
      {
        "Name": "Income Only Benefit",
        "Long_Term_Income": {
          "Age_30": {
            "Term_30": 48.95,
            "Term_40": 47.60,
            "Term_50": 43.10
          },
          "Age_35": {
            "Term_30": 46.15,
            "Term_40": 44.75,
            "Term_50": 40.25
          },
          "Age_40": {
            "Term_30": 44.75,
            "Term_40": 43.00,
            "Term_50": "NA"
          },
          "All_Ages": {
            "Term_30": 37.20,
            "Term_40": 36.60,
            "Term_50": 35.40
          }
        },
        "Whole_Life_Income": {
          "Age_30": 48.95,
          "Age_35": 46.15,
          "Age_40": 44.75,
          "All_Ages": 37.20
        }
      }
    ]
  }
}