{
  "age_limits": {
    "minimum_age_at_entry": {
      "long_term_income": "30 days*",
      "whole_life_income": "30 years"
    },
    "maximum_age_at_entry": "55 years",
    "maturity_age": {
      "long_term_income": "85 years (age last birthday)",
      "whole_life_income": "100 years (age last birthday)"
    }
  },
  "premium_details": {
    "payment_modes": [
      "Annual",
      "Semi-Annual",
      "Quarterly",
      "Monthly"
    ],
    "modal_factors": {
      "Annual": "0.0%",
      "Semi-annual": "2.0%",
      "Quarterly": "3.0%",
      "Monthly": "4.0%"
    },
    "minimum_annualized_premium": {
      "income_only_benefit": {
        "up_to_age_45": "Rs. 50,000",
        "age_46_and_above": "Rs. 1,00,000"
      },
      "other_than_income_only_benefit": "₹ 30,000"
    },
    "maximum_annualized_premium": "No Limit (subject to Board Approved Underwriting Policy)"
  },
  "benefit_options": {
    "payout_frequency": [
      "Annual",
      "Semi-annual",
      "Quarterly",
      "Monthly"
    ]
  },
  "sum_assured": {
    "minimum": "₹ 2,10,000",
    "maximum": "Subject to Board Approved Underwriting Policy"
  },
  "premium_bands": [
    {
      "band": "Band 1",
      "range": "30,000 to 49,999"
    },
    {
      "band": "Band 2",
      "range": "50,000 to 99,999"
    },
    {
      "band": "Band 3",
      "range": "1,00,000 to 1,99,999"
    },
    {
      "band": "Band 4",
      "range": "2,00,000 to 2,99,999"
    },
    {
      "band": "Band 5",
      "range": "3,00,000 to 4,99,999"
    },
    {
      "band": "Band 6",
      "range": "5,00,000 to 24,99,999"
    },
    {
      "band": "Band 7",
      "range": "25,00,000 +"
    }
  ]
}