{
  "Sum_Assured_Multiple": {
    "description": "Sum Assured multiple is as mentioned in the table below.",
    "age_groups": [
      {
        "range": "6-12",
        "entries": [
          {"age": 6, "multiple": 15.9},
          {"age": 7, "multiple": 15.8},
          {"age": 8, "multiple": 15.7},
          {"age": 9, "multiple": 15.6},
          {"age": 10, "multiple": 15.5},
          {"age": 11, "multiple": 15.4},
          {"age": 12, "multiple": 15.3}
        ]
      },
      {
        "range": "13-24",
        "entries": [
          {"age": 13, "multiple": 15.2},
          {"age": 14, "multiple": 15.1},
          {"age": 15, "multiple": 15.0},
          {"age": 16, "multiple": 14.9},
          {"age": 17, "multiple": 14.8},
          {"age": 18, "multiple": 14.7},
          {"age": 19, "multiple": 14.6},
          {"age": 20, "multiple": 14.5},
          {"age": 21, "multiple": 14.4},
          {"age": 22, "multiple": 14.3},
          {"age": 23, "multiple": 14.2},
          {"age": 24, "multiple": 14.1}
        ]
      },
      {
        "range": "25-36",
        "entries": [
          {"age": 25, "multiple": 14.0},
          {"age": 26, "multiple": 13.9},
          {"age": 27, "multiple": 13.8},
          {"age": 28, "multiple": 13.7},
          {"age": 29, "multiple": 13.6},
          {"age": 30, "multiple": 13.5},
          {"age": 31, "multiple": 13.4},
          {"age": 32, "multiple": 13.3},
          {"age": 33, "multiple": 13.2},
          {"age": 34, "multiple": 13.1},
          {"age": 35, "multiple": 13.0},
          {"age": 36, "multiple": 12.9}
        ]
      },
      {
        "range": "37-48",
        "entries": [
          {"age": 37, "multiple": 12.8},
          {"age": 38, "multiple": 12.7},
          {"age": 39, "multiple": 12.6},
          {"age": 40, "multiple": 12.5},
          {"age": 41, "multiple": 12.4},
          {"age": 42, "multiple": 12.3},
          {"age": 43, "multiple": 12.2},
          {"age": 44, "multiple": 12.1},
          {"age": 45, "multiple": 12.0},
          {"age": 46, "multiple": 11.9},
          {"age": 47, "multiple": 11.8},
          {"age": 48, "multiple": 11.7}
        ]
      },
      {
        "range": "49-60",
        "entries": [
          {"age": 49, "multiple": 11.6},
          {"age": 50, "multiple": 11.5},
          {"age": 51, "multiple": 11.4},
          {"age": 52, "multiple": 11.3},
          {"age": 53, "multiple": 11.2},
          {"age": 54, "multiple": 11.1},
          {"age": 55, "multiple": 11.0},
          {"age": 56, "multiple": 11.9},
          {"age": 57, "multiple": 11.8},
          {"age": 58, "multiple": 11.7},
          {"age": 59, "multiple": 11.6},
          {"age": 60, "multiple": 11.5}
        ]
      }
    ]
  },
  "Staggered_Death_Benefit": {
    "description": "The Nominee will have an option to receive the amount of Death Benefit in Annual/ Monthly instalments payable at the end of the year/month instead of a lump-sum, over a period of 10 years as per the percentages given below:",
    "options": [
      {
        "frequency": "Annual",
        "instalment_percentage": 12.12,
        "total_payments_percentage": 121.20
      },
      {
        "frequency": "Monthly",
        "instalment_percentage": 1.03,
        "total_payments_percentage": 123.60
      }
    ]
  }
}