{
  "maximum_annualized_premium": "No Limit (subject to Board Approved Underwriting Policy)",
  "premium_payment_modes_and_modal_factors": {
    "Modes": ["Annual", "Semi-Annual", "Quarterly", "Monthly"],
    "Modal_Factors": {
      "Annual": "0.0%",
      "Semi-annual": "1.0%",
      "Quarterly": "1.5%",
      "Monthly": "3.5%"
    }
  },
  "maximum_sum_assured": "Subject to Board Approved Underwriting Policy",
  "benefit_options": [
    "Income Only Benefit",
    "Income with Lumpsum Benefit"
  ],
  "benefit_payout_frequency": ["Annual", "Semi-Annual", "Quarterly", "Monthly"],
  "minimum_sum_assured": "₹5,50,000",
  "note": "The Benefit Option is chosen at inception and cannot be changed thereafter"
}