{
  "pos_boundary_conditions": {
    "age_of_life_insured_at_entry": {
      "Minimum": "1 year (subject to age at the end of Policy Term should be minimum 18 years)",
      "Maximum": {
        "5 Pay": "60 years",
        "6 Pay": "59 years",
        "8 Pay": "57 years",
        "10 Pay": "55 years",
        "12 Pay": "53 years"
      },
      "Note": "In case the Life Insured is a minor, the Policy will automatically vest once the life insured attains the age of majority. The risk coverage for the minors will start from the Date of Commencement of Risk."
    },
    "maturity_age_of_life_insured": {
      "Minimum": "18 years",
      "Maximum": "65 Years"
    },
    "minimum_annualized_premium": "₹50,000",
    "maximum_annualized_premium": "No Limit (subject to Board Approved Underwriting Policy)",
    "premium_payment_term_policy_term_and_benefit_payout_period": [
      {
        "Premium Payment Term (PPT)": "5 years",
        "Policy Term (PT)": "5 | 6 | 7 | 8 | 9 | 10 years",
        "Benefit payout period": "20, 25, 30 years"
      },
      {
        "Premium Payment Term (PPT)": "6 years",
        "Policy Term (PT)": "6 | 7 | 8 | 9 | 10 | 11 years",
        "Benefit payout period": "20, 25, 30 years"
      },
      {
        "Premium Payment Term (PPT)": "8 years",
        "Policy Term (PT)": "8 | 9 | 10 | 11 | 12 | 13 years",
        "Benefit payout period": "20, 25, 30 years"
      },
      {
        "Premium Payment Term (PPT)": "10 years",
        "Policy Term (PT)": "10 | 11 | 12 | 13 | 14 | 15 years",
        "Benefit payout period": "20, 25, 30 years"
      },
      {
        "Premium Payment Term (PPT)": "12 years",
        "Policy Term (PT)": "12 | 13 | 14 | 15 | 16 | 17 years",
        "Benefit payout period": "20, 25 years"
      }
    ],
    "premium_payment_modes_and_modal_factors": {
      "Modes": ["Annual", "Semi-Annual", "Quarterly", "Monthly"],
      "Modal_Factors": {
        "Annual": "0.0%",
        "Semi-annual": "1.0%",
        "Quarterly": "1.5%",
        "Monthly": "3.5%"
      }
    },
    "maximum_sum_assured": "₹25,00,000",
    "benefit_options": [
      "Income Only Benefit",
      "Income with Lumpsum Benefit"
    ],
    "benefit_payout_frequency": ["Annual", "Semi-Annual", "Quarterly", "Monthly"],
    "minimum_sum_assured": "₹5,50,000"
  }
}