{
  "plan_details": {
    "Type of Plan": "A Non-Linked Non-Participating Individual Savings Life Insurance Plan",
    "Coverage": "All Individuals (Male | Female | Transgender)"
  },
  "age_of_life_insured_at_entry": {
    "Minimum": "1 year (subject to minimum maturity age of 18 years)",
    "Maximum": "60 years",
    "Note": "In case the Life Insured is a minor, the Policy will automatically vest once the life insured attains the age of majority. The risk coverage for the minors will start from the Date of Commencement of Risk."
  },
  "maturity_age_of_life_insured": {
    "Minimum": "18 years",
    "Maximum": "77 Years"
  },
  "minimum_annualized_premium": "₹50,000",
  "premium_payment_term_policy_term_and_benefit_payout_period": [
    {
      "Premium payment term": "5 years",
      "Policy term": "5 | 6 | 7 | 8 | 9 | 10 years",
      "Benefit payout period": "20, 25, 30 years"
    },
    {
      "Premium payment term": "6 years",
      "Policy term": "6 | 7 | 8 | 9 | 10 | 11 years",
      "Benefit payout period": "20, 25, 30 years"
    },
    {
      "Premium payment term": "8 years",
      "Policy term": "8 | 9 | 10 | 11 | 12 | 13 years",
      "Benefit payout period": "20, 25, 30 years"
    },
    {
      "Premium payment term": "10 years",
      "Policy term": "10 | 11 | 12 | 13 | 14 | 15 years",
      "Benefit payout period": "20, 25, 30 years"
    },
    {
      "Premium payment term": "12 years",
      "Policy term": "12 | 13 | 14 | 15 | 16 | 17 years",
      "Benefit payout period": "20, 25 years"
    }
  ],
  "note": "The Benefit payout period commences after the end of the policy term, during which the Survival Benefit is payable to the Policyholder. It is chosen at Policy inception and cannot be changed thereafter."
}