{
  "Plan_Parameters": {
    "Age_at_Entry": {
      "Minimum": {
        "Other_than_POS": "Not specified",
        "For_POS": "Not specified"
      },
      "Maximum": {
        "Other_than_POS": "60 years",
        "For_POS": "60 years"
      }
    },
    "Age_at_Maturity": {
      "Minimum": {
        "Other_than_POS": {
          "Option_1": "18 years",
          "Option_2": "23 years"
        },
        "For_POS": {
          "Option_1": "18 years",
          "Option_2": "Not Available"
        }
      },
      "Maximum": {
        "Other_than_POS": {
          "Option_1": "77 years",
          "Option_2": "70 years"
        },
        "For_POS": {
          "Option_1": "65 years",
          "Option_2": "Not Available"
        }
      }
    },
    "Premium_Payment_Term": {
      "Option_1": {
        "Single_Pay": {
          "PPT": 1,
          "PT": 5
        },
        "Regular_Pay": {
          "PPT": "5 to 12",
          "PT": "Same as PPT"
        },
        "Limited_Pay": {
          "PPT": [5, 6, 7, 8, 9, 10, 11, 12],
          "PT": [
            "6 to 10",
            "7 to 11",
            "8 to 12",
            "9 to 13",
            "10 to 14",
            "11 to 15",
            "12 to 16",
            "13 to 17"
          ]
        }
      },
      "Option_2": {
        "Regular_Pay": {
          "PPT": [5, 10],
          "PT": "Same as PPT"
        }
      }
    },
    "Basic_Sum_Assured": {
      "Single_pay": {
        "Single_Life": "₹ 50,000",
        "Joint_Life": {
          "First_death": "₹ 6,250",
          "Second_death": "₹ 50,000"
        }
      },
      "Regular_Limited_pay": "₹ 24,000"
    },
    "Death_Benefit_Multiple": {
      "Other_than_PoS": "No Limit, subject to the Board Approved Underwriting Policy (BAUP)",
      "For_PoS": "Corresponding to a maximum Death Benefit of ₹ 25 lakhs"
    },
    "Premium_Payment_Mode": ["Single", "Annual", "Half-yearly", "Quarterly", "Monthly"],
    "Income_Period": {
      "Option_1": "20 to 45 years (in multiples of 5 years). The Policy Term + Income period is within the range of 25 years to 50 years.",
      "Option_2": {
        "5_pay": "30 years",
        "10_pay": "25 years"
      }
    },
    "Income_Mode": ["Annual", "Monthly"],
    "Coverage": {
      "Single_Life": "for Single/Limited/Regular Pay",
      "Joint_life": "for Single pay only"
    }
  }
}