{
  "Option_1_Regular_Income_Regular_Pay": [
    {
      "Premium_Paying_Term": 5,
      "Policy_Term": 5,
      "Annualised_Premium": 100000,
      "Total_Premium_Paid": 500000,
      "Income_Period": 30,
      "Guaranteed_Annual_Income": {
        "Annual_Mode": 32540,
        "Monthly_Mode": 31238
      },
      "Return_of_Premium": 500000,
      "Total_Benefit": 1476200
    },
    {
      "Premium_Paying_Term": 7,
      "Policy_Term": 7,
      "Annualised_Premium": 100000,
      "Total_Premium_Paid": 700000,
      "Income_Period": 30,
      "Guaranteed_Annual_Income": {
        "Annual_Mode": 53620,
        "Monthly_Mode": 51475
      },
      "Return_of_Premium": 700000,
      "Total_Benefit": 2308600
    },
    {
      "Premium_Paying_Term": 10,
      "Policy_Term": 10,
      "Annualised_Premium": 100000,
      "Total_Premium_Paid": 1000000,
      "Income_Period": 30,
      "Guaranteed_Annual_Income": {
        "Annual_Mode": 92330,
        "Monthly_Mode": 88637
      },
      "Return_of_Premium": 1000000,
      "Total_Benefit": 3769900
    },
    {
      "Premium_Paying_Term": 12,
      "Policy_Term": 12,
      "Annualised_Premium": 100000,
      "Total_Premium_Paid": 1200000,
      "Income_Period": 30,
      "Guaranteed_Annual_Income": {
        "Annual_Mode": 123990,
        "Monthly_Mode": 119030
      },
      "Return_of_Premium": 1200000,
      "Total_Benefit": 4919700
    }
  ],
  "Option_1_Regular_Income_Limited_Pay": [
    {
      "Premium_Paying_Term": 5,
      "Policy_Term": 10,
      "Annualised_Premium": 100000,
      "Total_Premium_Paid": 500000,
      "Income_Period": 30,
      "Guaranteed_Annual_Income": {
        "Annual_Mode": 49880,
        "Monthly_Mode": 47885
      },
      "Return_of_Premium": 500000,
      "Total_Benefit": 1996400
    },
    {
      "Premium_Paying_Term": 7,
      "Policy_Term": 12,
      "Annualised_Premium": 100000,
      "Total_Premium_Paid": 700000,
      "Income_Period": 30,
      "Guaranteed_Annual_Income": {
        "Annual_Mode": 80330,
        "Monthly_Mode": 77117
      },
      "Return_of_Premium": 700000,
      "Total_Benefit": 3109900
    },
    {
      "Premium_Paying_Term": 10,
      "Policy_Term": 15,
      "Annualised_Premium": 100000,
      "Total_Premium_Paid": 1000000,
      "Income_Period": 30,
      "Guaranteed_Annual_Income": {
        "Annual_Mode": 141920,
        "Monthly_Mode": 136243
      },
      "Return_of_Premium": 1000000,
      "Total_Benefit": 5257600
    },
    {
      "Premium_Paying_Term": 12,
      "Policy_Term": 17,
      "Annualised_Premium": 100000,
      "Total_Premium_Paid": 1200000,
      "Income_Period": 30,
      "Guaranteed_Annual_Income": {
        "Annual_Mode": 178480,
        "Monthly_Mode": 171341
      },
      "Return_of_Premium": 1200000,
      "Total_Benefit": 6554400
    }
  ],
  "Option_1_Regular_Income_Single_Pay": [
    {
      "Premium_Paying_Term": 5,
      "Policy_Term": 5,
      "Annualised_Premium": 100000,
      "Income_Period": 30,
      "Guaranteed_Annual_Income": {
        "Annual_Mode": 31710,
        "Monthly_Mode": 30442
      },
      "Return_of_Premium": 500000,
      "Total_Benefit": 1451300
    },
    {
      "Premium_Paying_Term": 10,
      "Policy_Term": 10,
      "Annualised_Premium": 100000,
      "Income_Period": 25,
      "Guaranteed_Annual_Income": {
        "Annual_Mode": 90990,
        "Monthly_Mode": 87350
      },
      "Return_of_Premium": 1000000,
      "Total_Benefit": 3274750
    }
  ]
}