{
  "funds": [
    {
      "name": "Capital Growth Fund",
      "sfin": "ULIF06301/04/15CapGrwthFd101",
      "asset_allocation": {
        "money_market_instruments_cash_deposits_liquid_mutual_funds": "0% to 20%",
        "govt_securities_fixed_income_instruments_bonds": "0 to 20%",
        "equity_and_equity_related_instruments": "80 to 100%"
      },
      "risk_return_rating": "Very High",
      "objective": "To generate long term capital appreciation through investments in companies, money market instruments and securities"
    },
    {
      "name": "Capital Secure Fund",
      "sfin": "ULIF06401/04/15CapSecFund101",
      "asset_allocation": {
        "money_market_instruments_cash_deposits_liquid_mutual_funds": "0% to 20%",
        "govt_securities_fixed_income_instruments_bonds": "80 to 100%",
        "equity_and_equity_related_instruments": "-"
      },
      "risk_return_rating": "Moderate",
      "objective": "Higher potential returns due to higher duration and credit exposure"
    }
  ]
}