{
  "policy_details": [
    {
      "example": "Example 1",
      "policy_term": "30 years",
      "annual_premium": "0.5 lac",
      "basic_sum_assured": "20 lac",
      "level_cover_period": "5 years",
      "values_by_year": [
        {"year": 1, "value": 20.0},
        {"year": 5, "value": 20.0},
        {"year": 6, "value": 19.2},
        {"year": 10, "value": 16.0},
        {"year": 15, "value": 12.0},
        {"year": 16, "value": 11.2},
        {"year": 20, "value": 8.0},
        {"year": 21, "value": 7.2},
        {"year": 25, "value": 5.0},
        {"year": 30, "value": 5.0}
      ]
    },
    {
      "example": "Example 2",
      "policy_term": "30 years",
      "annual_premium": "1 lac",
      "basic_sum_assured": "50 lac",
      "level_cover_period": "15 years",
      "values_by_year": [
        {"year": 1, "value": 50.0},
        {"year": 5, "value": 50.0},
        {"year": 6, "value": 50.0},
        {"year": 10, "value": 50.0},
        {"year": 15, "value": 50.0},
        {"year": 16, "value": 46.7},
        {"year": 20, "value": 33.3},
        {"year": 21, "value": 30.0},
        {"year": 25, "value": 16.7},
        {"year": 30, "value": 10.0},
        {"year": 31, "value": 3.4},
        {"year": 35, "value": 3.0},
        {"year": 40, "value": 3.0}
      ]
    },
    {
      "example": "Example 3",
      "policy_term": "40 years",
      "annual_premium": "0.30 lac",
      "basic_sum_assured": "7.5 lac",
      "level_cover_period": "20 years",
      "values_by_year": [
        {"year": 1, "value": 7.5},
        {"year": 5, "value": 7.5},
        {"year": 6, "value": 7.5},
        {"year": 10, "value": 7.5},
        {"year": 15, "value": 7.5},
        {"year": 16, "value": 7.5},
        {"year": 20, "value": 7.5},
        {"year": 21, "value": 7.1},
        {"year": 25, "value": 5.6},
        {"year": 30, "value": 3.8}
      ]
    },
    {
      "example": "Example 4",
      "policy_term": "40 years",
      "annual_premium": "1 lac",
      "basic_sum_assured": "50 lac",
      "level_cover_period": "30 years",
      "values_by_year": [
        {"year": 1, "value": 50.0},
        {"year": 5, "value": 50.0},
        {"year": 6, "value": 50.0},
        {"year": 10, "value": 50.0},
        {"year": 15, "value": 50.0},
        {"year": 16, "value": 50.0},
        {"year": 20, "value": 50.0},
        {"year": 21, "value": 50.0},
        {"year": 25, "value": 50.0},
        {"year": 30, "value": 50.0}
      ]
    }
  ]
}