{
  "table_name": "Policy Cover Examples",
  "description": "The below table gives policy year wise cover amount (in Lac) for a few sample cases",
  "columns": [
    "Policy Year",
    "Example 1",
    "Example 2",
    "Example 3",
    "Example 4"
  ],
  "metadata": {
    "Example 1": {
      "Policy Term": "30 years",
      "Annual Premium": "0.5 lac",
      "Basic Sum Assured": "20 lac",
      "Level Cover Period": "5 years"
    },
    "Example 2": {
      "Policy Term": "30 years",
      "Annual Premium": "1 lac",
      "Basic Sum Assured": "50 lac",
      "Level Cover Period": "15 years"
    },
    "Example 3": {
      "Policy Term": "40 years",
      "Annual Premium": "0.30 lac",
      "Basic Sum Assured": "7.5 lac",
      "Level Cover Period": "20 years"
    },
    "Example 4": {
      "Policy Term": "40 years",
      "Annual Premium": "1 lac",
      "Basic Sum Assured": "50 lac",
      "Level Cover Period": "30 years"
    }
  },
  "data": [
    {
      "Policy Year": 1,
      "Example 1": 20.0,
      "Example 2": 50.0,
      "Example 3": 7.5,
      "Example 4": 50.0
    },
    {
      "Policy Year": 5,
      "Example 1": 20.0,
      "Example 2": 50.0,
      "Example 3": 7.5,
      "Example 4": 50.0
    },
    {
      "Policy Year": 6,
      "Example 1": 19.2,
      "Example 2": 50.0,
      "Example 3": 7.5,
      "Example 4": 50.0
    },
    {
      "Policy Year": 10,
      "Example 1": 16.0,
      "Example 2": 50.0,
      "Example 3": 7.5,
      "Example 4": 50.0
    },
    {
      "Policy Year": 15,
      "Example 1": 12.0,
      "Example 2": 50.0,
      "Example 3": 7.5,
      "Example 4": 50.0
    },
    {
      "Policy Year": 16,
      "Example 1": 11.2,
      "Example 2": 46.7,
      "Example 3": 7.5,
      "Example 4": 50.0
    },
    {
      "Policy Year": 20,
      "Example 1": 8.0,
      "Example 2": 33.3,
      "Example 3": 7.5,
      "Example 4": 50.0
    },
    {
      "Policy Year": 21,
      "Example 1": 7.2,
      "Example 2": 30.0,
      "Example 3": 7.1,
      "Example 4": 50.0
    },
    {
      "Policy Year": 25,
      "Example 1": 5.0,
      "Example 2": 16.7,
      "Example 3": 5.6,
      "Example 4": 50.0
    },
    {
      "Policy Year": 30,
      "Example 1": 5.0,
      "Example 2": 10.0,
      "Example 3": 3.8,
      "Example 4": 50.0
    },
    {
      "Policy Year": 31,
      "Example 1": null,
      "Example 2": null,
      "Example 3": 3.4,
      "Example 4": 45.0
    },
    {
      "Policy Year": 35,
      "Example 1": null,
      "Example 2": null,
      "Example 3": 3.0,
      "Example 4": 25.0
    },
    {
      "Policy Year": 40,
      "Example 1": null,
      "Example 2": null,
      "Example 3": 3.0,
      "Example 4": 10.0
    }
  ]
}