{
  "funds": [
    {
      "name": "Midcap Momentum Fund",
      "SFIN": "ULIF07114/07/23MidCpMoIdx101",
      "details": "To generate long-term capital appreciation from a portfolio of mid-cap stocks that are aligned to the MidCap Momentum Index.",
      "asset_classes": [
        {
          "name": "Money Market Instruments, Cash & Deposits*, Liquid mutual funds**",
          "allocation": "0% to 20%"
        },
        {
          "name": "Govt. Securities, Fixed Income Instruments & Bonds",
          "allocation": "0% to 20%"
        },
        {
          "name": "Equity and equity related instruments",
          "allocation": "80% to 100%"
        }
      ],
      "risk_return_rating": "Very High"
    },
    {
      "name": "Equity Fund",
      "SFIN": "ULIF07019/07/21FlexiCapFd101",
      "details": "To generate superior long term returns through investment in equities of companies in the large, mid and small cap segments.",
      "asset_classes": [
        {
          "name": "Money Market Instruments, Cash & Deposits*, Liquid mutual funds**",
          "allocation": "0% to 20%"
        },
        {
          "name": "Govt. Securities, Fixed Income Instruments & Bonds",
          "allocation": "0% to 20%"
        },
        {
          "name": "Equity and equity related instruments",
          "allocation": "80% to 100%"
        }
      ],
      "risk_return_rating": "Very High"
    },
    {
      "name": "Discovery Fund",
      "SFIN": "ULIF06618/01/18DiscvryFnd101",
      "details": "Long term capital growth by investing predominantly in mid-cap companies. The fund may invest upto 25% of the portfolio in stocks outside the mid-cap index capitalization range. Upto 10% of the fund may be invested in Fixed income instruments, money market instruments, cash, deposits and Liquid mutual funds.",
      "asset_classes": [
        {
          "name": "Money Market Instruments, Cash & Deposits*, Liquid mutual funds**",
          "allocation": "0% to 10%"
        },
        {
          "name": "Govt. Securities, Fixed Income Instruments & Bonds",
          "allocation": "0% to 10%"
        },
        {
          "name": "Equity and equity related instruments",
          "allocation": "90% to 100%"
        }
      ],
      "risk_return_rating": "Very High"
    },
    {
      "name": "Equity Advantage Fund",
      "SFIN": "ULIF06723/03/18EqtyAdvtFd101",
      "details": "Long term capital growth through investments in companies across the market capitalization spectrum. Upto 20% of the fund may be invested in Fixed income instruments, money market instruments, cash, deposits and Liquid mutual funds.",
      "asset_classes": [
        {
          "name": "Money Market Instruments, Cash & Deposits*, Liquid mutual funds**",
          "allocation": "0% to 20%"
        },
        {
          "name": "Govt. Securities, Fixed Income Instruments & Bonds",
          "allocation": "0% to 20%"
        },
        {
          "name": "Equity and equity related instruments",
          "allocation": "80% to 100%"
        }
      ],
      "risk_return_rating": "Very High"
    },
    {
      "name": "Sustainable Equity Fund",
      "SFIN": "ULIF07317/01/24SustnblEqF101",
      "details": "Long term capital appreciation through investment in select companies across market capitalization which conduct business in socially and environmentally responsible manner while maintaining governance standards",
      "asset_classes": [
        {
          "name": "Money Market Instruments, Cash & Deposits*, Liquid mutual funds**",
          "allocation": "0% to 10%"
        },
        {
          "name": "Govt. Securities, Fixed Income Instruments & Bonds",
          "allocation": "0% to 10%"
        },
        {
          "name": "Equity and equity related instruments",
          "allocation": "90% to 100%"
        }
      ],
      "risk_return_rating": "Very High"
    }
  ]
}