{
  "Plan_Options": [
    {
      "option": "A",
      "name": "Level Cover",
      "description": "This plan option provides a level cover throughout the policy term."
    },
    {
      "option": "B",
      "name": "Level Cover with Capital Guarantee",
      "description": "This plan option provides a level cover throughout the policy term. The policyholder also gets a Capital Guarantee, which is in the form of minimum"
    },
    {
      "option": "C",
      "name": "Decreasing Cover",
      "description": "Under this plan option, the cover would decrease with the policy year. This is subject to the 'Level Cover Period', chosen by the policyholder at policy inception."
    },
    {
      "option": "D",
      "name": "Decreasing Cover with Capital Guarantee",
      "description": "Under this plan option, the cover would decrease with the policy year. This is subject to the 'Level Cover Period', chosen by the policyholder at policy inception. The policyholder also gets a Capital Guarantee, which is in the form of"
    }
  ]
}