{
  "Parameters": [
    {
      "name": "Age at Entry",
      "Minimum": {
        "Life Assured": "0 years (30 days)",
        "Proposer": "18 years"
      },
      "Maximum": {
        "Life Assured": "60 years",
        "Proposer": "No Limit"
      }
    },
    {
      "name": "Age at Maturity",
      "Minimum": "25 years",
      "Maximum": "100 years"
    },
    {
      "name": "Plan Option",
      "options": [
        "Option A: Level Cover",
        "Option B: Level Cover with Capital Guarantee",
        "Option C: Decreasing Cover",
        "Option D: Decreasing Cover with Capital Guarantee"
      ]
    },
    {
      "name": "Premium Payment Term",
      "options": [
        "Limited Pay (5 to 12 years)",
        "Regular Pay (25 to 40 years)"
      ]
    },
    {
      "name": "Policy Term",
      "Minimum": "25 years",
      "Maximum": "40 years"
    },
    {
      "name": "Instalment Premium",
      "details": {
        "Minimum Installment Premium": {
          "Limited Pay": {
            "5 and 6 years": {
              "Annual": "₹ 50,000",
              "Half-Yearly": "₹ 25,000",
              "Quarterly": "₹ 12,500",
              "Monthly": "₹ 4,500"
            },
            "Others": {
              "Annual": "₹ 30,000",
              "Half-Yearly": "₹ 15,000",
              "Quarterly": "₹ 7,500",
              "Monthly": "₹ 3,000"
            }
          }
        },
        "Top-Up Premium": "Rs. 5,000 per Top-Up*"
      }
    },
    {
      "name": "Sum Assured",
      "details": {
        "Basic Sum Assured": "10 times the Annualised Premium",
        "For Top-Up Premium": "1.25 times the Top Up premium"
      }
    },
    {
      "name": "Premium Payment Frequency",
      "options": ["Annual", "Half-Yearly", "Quarterly", "Monthly"]
    }
  ],
  "notes": [
    "All ages are expressed as on last birthday.",
    "Risk cover starts from date of commencement of policy for all lives including minors. In case of a minor life, the policy will vest on the Life Assured on attainment of age 18 years.",
    "In all cases, the relationship between the proposer and life assured shall be granted to the extent of insurable interest only.",
    "*Total top-up premiums paid, at any point of time during the policy term shall not exceed the sum total of the regular premiums paid at that point of time.",
    "For the monthly premium payment mode, we may accept three months' premiums in advance on the date of commencement of policy, as a prerequisite to allow monthly mode of premium payment.",
    "The product can also be purchased online via company website."
  ]
}