{
  "funds": [
    {
      "name": "Bond Fund",
      "SFIN": "ULIF05601/08/13BondFunds101",
      "details": "Active allocation",
      "asset_classes": [
        {
          "name": "Money Market Instruments, Cash & Deposits*, Liquid mutual funds**",
          "allocation": "0% to 60%"
        },
        {
          "name": "Govt. Securities, Fixed Income Instruments & Bonds",
          "allocation": "40% to 100%"
        },
        {
          "name": "Equity & equity related Instruments",
          "allocation": "_"
        }
      ],
      "risk_return_rating": "Moderate"
    },
    {
      "name": "Sustainable Flexi Cap Fund",
      "SFIN": "ULIF05501/08/13DivrEqtyFd101",
      "details": "To generate long term capital appreciation by investing in high potential companies across the market cap spectrum",
      "asset_classes": [
        {
          "name": "Money Market Instruments, Cash & Deposits*, Liquid mutual funds**",
          "allocation": "0% to 40%"
        },
        {
          "name": "Govt. Securities, Fixed Income Instruments & Bonds",
          "allocation": "0% to 40%"
        },
        {
          "name": "Equity & equity related Instruments",
          "allocation": "60% to 100%"
        }
      ],
      "risk_return_rating": "Very High"
    }
  ]
}