{
  "illustration": {
    "product": "HDFC Life Smart Protect Plan - Option B (Level Cover with Capital Guarantee)",
    "policyholder": "Mr. Kumar",
    "age": 30,
    "policy_term": 40,
    "premium_payment_term": 10,
    "cover": 10000000,
    "annual_premium": 100000,
    "key_points": [
      {
        "event": "Policy Starts",
        "year": 0
      },
      {
        "event": "Premium Payment Ends",
        "year": 10
      },
      {
        "event": "Maturity Benefit",
        "year": 40,
        "value": {
          "at_8%": 7827302,
          "at_4%": 2004801
        }
      }
    ],
    "death_benefit": "Higher of INR 1,00,00,000 or Fund Value",
    "total_premiums_paid": 1000000,
    "capital_guarantee": {
      "description": "Even if fund value falls below INR 10,00,000 at maturity, policyholder will receive INR 10,00,000 (assuming no partial withdrawals)",
      "minimum_guaranteed": 1000000
    }
  }
}