{
  "title": "HDFC Life Sampoorna Jeevan Eligibility",
  "variants": [
    "Sampoorna Jeevan 75",
    "Sampoorna Jeevan 100"
  ],
  "eligibility_parameters": [
    {
      "parameter": "Premium Payment Term (Years)",
      "options": [6, 8, 10, 12, 15]
    },
    {
      "parameter": "Minimum age at entry (as on last birthday)",
      "value": 12
    },
    {
      "parameter": "Maximum Age at Entry (as on last birthday)",
      "options": [
        {
          "option": "Guaranteed Benefit Option A",
          "values": {
            "Sampoorna Jeevan 75": [60, 60, 60, 60, 60],
            "Sampoorna Jeevan 100": [60, 60, 58, 55, 45]
          }
        },
        {
          "option": "Guaranteed Benefit Option B",
          "values": {
            "Sampoorna Jeevan 75": [54, 54, 54, 54, 54],
            "Sampoorna Jeevan 100": [52, 50, 48, 45, 45]
          }
        },
        {
          "option": "Guaranteed Benefit Option C",
          "values": {
            "Sampoorna Jeevan 75": [54, 54, 54, 54, 54],
            "Sampoorna Jeevan 100": [52, 50, 48, 45, 45]
          }
        },
        {
          "option": "Guaranteed Benefit Option D",
          "values": {
            "Sampoorna Jeevan 75": [60, 60, 60, 60, 45],
            "Sampoorna Jeevan 100": [52, 50, 48, 45, 45]
          }
        }
      ]
    },
    {
      "parameter": "Minimum Premium (Rs.)",
      "values": {
        "Annual": 12000,
        "Half-Yearly": 5000,
        "Monthly": 1000
      }
    },
    {
      "parameter": "Minimum Age at Maturity (as on last birthday)",
      "values": {
        "Lumpsum with Cash Bonus option": {
          "Sampoorna Jeevan 75 variant": 28,
          "Sampoorna Jeevan 100 Variant": 76
        },
        "All Other Options": {
          "Sampoorna Jeevan 75 variant": 75,
          "Sampoorna Jeevan 100 Variant": 100
        }
      }
    },
    {
      "parameter": "Maximum Age at Maturity (as on last birthday)",
      "values": {
        "Sampoorna Jeevan 75 variant": 75,
        "Sampoorna Jeevan 100 Variant": 100
      }
    },
    {
      "parameter": "Policy Term",
      "values": {
        "Lumpsum with Cash Bonus option": {
          "Sampoorna Jeevan 75": "Fixed Policy Term of 25, 30, 35, 40 years or till 75 years of Age",
          "Sampoorna Jeevan 100": "Fixed Policy Term of 25, 30, 35, 40 years or till 100 years of Age"
        },
        "All Other Options": {
          "Sampoorna Jeevan 75": "75 minus age at entry",
          "Sampoorna Jeevan 100": "100 minus age at entry"
        }
      }
    },
    {
      "parameter": "Maximum Premium (Rs.)",
      "value": "No Limit (subject to Board approved underwriting policy)"
    },
    {
      "parameter": "Premium Payment Frequency",
      "options": ["Annual", "Half-Yearly", "Monthly"]
    },
    {
      "parameter": "Survival Benefit Payout Frequency",
      "options": ["Monthly", "Quarterly", "Half-Yearly", "Annually"]
    }
  ]
}