{
  "policy_name": "HDFC Life Sampoorna Jeevan",
  "variants": [
    {
      "name": "Sampoorna Jeevan 75 Variant",
      "sum_assured_on_death_multiple": 10,
      "premium_discounts": [
        {
          "premium_payment_term": 6,
          "discounts": [
            {"premium": 12000, "lump_sum": "N/A", "others": "N/A"},
            {"premium": 25000, "lump_sum": "N/A", "others": "N/A"},
            {"premium": 60000, "lump_sum": "0.00%", "others": "0.00%"},
            {"premium": 96000, "lump_sum": "1.75%", "others": "2.00%"},
            {"premium": 120000, "lump_sum": "2.25%", "others": "2.50%"},
            {"premium": 144000, "lump_sum": "2.75%", "others": "3.00%"},
            {"premium": 180000, "lump_sum": "3.00%", "others": "3.50%"}
          ]
        },
        {
          "premium_payment_term": 8,
          "discounts": [
            {"premium": 12000, "lump_sum": "N/A", "others": "N/A"},
            {"premium": 25000, "lump_sum": "N/A", "others": "N/A"},
            {"premium": 60000, "lump_sum": "0.00%", "others": "0.00%"},
            {"premium": 96000, "lump_sum": "1.25%", "others": "1.50%"},
            {"premium": 120000, "lump_sum": "1.75%", "others": "2.00%"},
            {"premium": 144000, "lump_sum": "2.00%", "others": "2.25%"},
            {"premium": 180000, "lump_sum": "2.25%", "others": "2.75%"}
          ]
        },
        {
          "premium_payment_term": 10,
          "discounts": [
            {"premium": 12000, "lump_sum": "N/A", "others": "N/A"},
            {"premium": 25000, "lump_sum": "0.00%", "others": "0.00%"},
            {"premium": 60000, "lump_sum": "4.25%", "others": "5.00%"},
            {"premium": 96000, "lump_sum": "5.50%", "others": "6.00%"},
            {"premium": 120000, "lump_sum": "5.75%", "others": "6.50%"},
            {"premium": 144000, "lump_sum": "6.00%", "others": "7.00%"},
            {"premium": 180000, "lump_sum": "6.25%", "others": "7.25%"}
          ]
        },
        {
          "premium_payment_term": 12,
          "discounts": [
            {"premium": 12000, "lump_sum": "N/A", "others": "N/A"},
            {"premium": 25000, "lump_sum": "0.00%", "others": "0.00%"},
            {"premium": 60000, "lump_sum": "4.00%", "others": "4.50%"},
            {"premium": 96000, "lump_sum": "5.00%", "others": "5.75%"},
            {"premium": 120000, "lump_sum": "5.50%", "others": "6.25%"},
            {"premium": 144000, "lump_sum": "5.75%", "others": "6.50%"},
            {"premium": 180000, "lump_sum": "6.00%", "others": "6.75%"}
          ]
        },
        {
          "premium_payment_term": 15,
          "discounts": [
            {"premium": 12000, "lump_sum": "0.00%", "others": "0.00%"},
            {"premium": 25000, "lump_sum": "4.00%", "others": "4.50%"},
            {"premium": 60000, "lump_sum": "7.50%", "others": "8.75%"},
            {"premium": 96000, "lump_sum": "8.50%", "others": "9.75%"},
            {"premium": 120000, "lump_sum": "8.75%", "others": "10.00%"},
            {"premium": 144000, "lump_sum": "9.00%", "others": "10.25%"},
            {"premium": 180000, "lump_sum": "9.25%", "others": "10.50%"}
          ]
        }
      ]
    },
    {
      "name": "Sampoorna Jeevan 100 Variant",
      "sum_assured_on_death_multiple": 10,
      "premium_discounts": [
        {
          "premium_payment_term": 6,
          "discounts": [
            {"premium": 12000, "lump_sum": "N/A", "others": "N/A"},
            {"premium": 25000, "lump_sum": "N/A", "others": "N/A"},
            {"premium": 60000, "lump_sum": "0.00%", "others": "0.00%"},
            {"premium": 96000, "lump_sum": "2.50%", "others": "2.50%"},
            {"premium": 120000, "lump_sum": "3.25%", "others": "3.25%"},
            {"premium": 144000, "lump_sum": "4.00%", "others": "4.00%"},
            {"premium": 180000, "lump_sum": "4.50%", "others": "4.50%"}
          ]
        },
        {
          "premium_payment_term": 8,
          "discounts": [
            {"premium": 12000, "lump_sum": "N/A", "others": "N/A"},
            {"premium": 25000, "lump_sum": "N/A", "others": "N/A"},
            {"premium": 60000, "lump_sum": "0.00%", "others": "0.00%"},
            {"premium": 96000, "lump_sum": "1.75%", "others": "2.00%"},
            {"premium": 120000, "lump_sum": "2.50%", "others": "2.50%"},
            {"premium": 144000, "lump_sum": "3.00%", "others": "3.00%"},
            {"premium": 180000, "lump_sum": "3.25%", "others": "3.50%"}
          ]
        },
        {
          "premium_payment_term": 10,
          "discounts": [
            {"premium": 12000, "lump_sum": "N/A", "others": "N/A"},
            {"premium": 25000, "lump_sum": "0.00%", "others": "0.00%"},
            {"premium": 60000, "lump_sum": "6.00%", "others": "6.25%"},
            {"premium": 96000, "lump_sum": "7.50%", "others": "7.75%"},
            {"premium": 120000, "lump_sum": "8.00%", "others": "8.50%"},
            {"premium": 144000, "lump_sum": "8.50%", "others": "8.75%"},
            {"premium": 180000, "lump_sum": "8.75%", "others": "9.00%"}
          ]
        },
        {
          "premium_payment_term": 12,
          "discounts": [
            {"premium": 12000, "lump_sum": "N/A", "others": "N/A"},
            {"premium": 25000, "lump_sum": "0.00%", "others": "0.00%"},
            {"premium": 60000, "lump_sum": "5.00%", "others": "5.50%"},
            {"premium": 96000, "lump_sum": "6.50%", "others": "7.00%"},
            {"premium": 120000, "lump_sum": "7.00%", "others": "7.50%"},
            {"premium": 144000, "lump_sum": "7.25%", "others": "8.00%"},
            {"premium": 180000, "lump_sum": "7.50%", "others": "8.25%"}
          ]
        },
        {
          "premium_payment_term": 15,
          "discounts": [
            {"premium": 12000, "lump_sum": "0.00%", "others": "0.00%"},
            {"premium": 25000, "lump_sum": "5.25%", "others": "5.50%"},
            {"premium": 60000, "lump_sum": "9.75%", "others": "10.50%"},
            {"premium": 96000, "lump_sum": "11.00%", "others": "12.00%"},
            {"premium": 120000, "lump_sum": "11.50%", "others": "12.25%"},
            {"premium": 144000, "lump_sum": "11.75%", "others": "12.50%"},
            {"premium": 180000, "lump_sum": "12.00%", "others": "13.00%"}
          ]
        }
      ]
    }
  ]
}