{
  "policy_details": {
    "policy_term": 56,
    "basic_sum_assured": 1559715,
    "sum_assured_on_death": 5000000,
    "annual_premium": 500000,
    "premium_payment_term": 6
  },
  "benefits": [
    {
      "policy_anniversary": 16,
      "event": "End of Policy year in which Shalini turns 60 year old",
      "benefit_type": "Lump sum",
      "amount": 1559715,
      "description": "100% of Basic Sum Assured"
    },
    {
      "policy_anniversary": "17th - 56th",
      "benefit_type": "Guaranteed Income Benefit",
      "amount": 77986,
      "frequency": "per annum"
    },
    {
      "benefit_type": "Simple Reversionary Income Bonus",
      "details": [
        {
          "policy_years": "7th - 36th",
          "amount_4_percent": 0,
          "amount_8_percent": 93583
        },
        {
          "policy_years": "37th - 56th",
          "amount_4_percent": 0,
          "amount_8_percent": 116979
        }
      ],
      "note": "Assuming 4% and 8% return on investment p.a."
    },
    {
      "policy_anniversary": 56,
      "event": "Policy Maturity Date",
      "benefit_type": "Terminal Bonus",
      "amount_4_percent": 0,
      "amount_8_percent": 15979275,
      "note": "Assuming 4% and 8% return on investment p.a."
    }
  ],
  "additional_notes": [
    "Simple Reversionary Income Bonus once declared, is vested in policy at the end of each policy year during the policy term and is paid out as Simple Reversionary Income Bonus (SRIB) every year 6 years after it is vested to the policy.",
    "Simple Reversionary Income Bonus vested in last 6 policy years will be paid out as lump sum on maturity along with terminal bonus, if any."
  ]
}