{
  "policy_details": [
    {
      "policy_anniversary": "15th",
      "event": "In the year Rishi turns 18 year old",
      "benefit_type": "Survival Benefit / Maturity Benefit",
      "amount": {
        "4%_return": 0,
        "8%_return": 418152
      },
      "bonus_type": "Simple Reversionary Bonus vested during premium payment term"
    },
    {
      "policy_anniversary": "16th - 30th",
      "benefit_type": "Cash Bonus",
      "amount": {
        "4%_return": 0,
        "8%_return": 27877
      }
    },
    {
      "policy_anniversary": "31st - 50th",
      "benefit_type": "Cash Bonus",
      "amount": {
        "4%_return": 0,
        "8%_return": 34846
      }
    },
    {
      "policy_anniversary": "51st - 70th",
      "benefit_type": "Cash Bonus",
      "amount": {
        "4%_return": 0,
        "8%_return": 41815
      }
    },
    {
      "policy_anniversary": "71st - 72nd",
      "benefit_type": "Cash Bonus",
      "amount": {
        "4%_return": 0,
        "8%_return": 48784
      }
    },
    {
      "policy_anniversary": "Every policy anniversary starting from 58th to 72nd",
      "benefit_type": "Guaranteed Income Benefit",
      "amount": 69692
    },
    {
      "policy_anniversary": "72nd",
      "event": "Policy Maturity Date",
      "benefits": [
        {
          "benefit_type": "Basic Sum Assured",
          "amount": "100%"
        },
        {
          "benefit_type": "Terminal Bonus",
          "amount": {
            "4%_return": 696920,
            "8%_return": 16900302
          }
        }
      ],
      "total_maturity_benefit": {
        "4%_return": 4028196,
        "8%_return": 16900302
      }
    }
  ],
  "life_insurance_cover": {
    "base_amount": 500000,
    "additional_benefits": "plus applicable bonuses"
  }
}