{
  "policy_details": {
    "policy_name": "HDFC Life Sampoorna Jeevan",
    "policyholder": "Ravi",
    "age_at_purchase": 40,
    "maturity_age_variant": "Sampoorna Jeevan 75",
    "guaranteed_benefit_option": "B (Income Option)",
    "bonus_option": "5 (Simple Reversionary Income Bonus and Cash Bonus)",
    "annual_premium": 100000,
    "premium_payment_term": 8,
    "policy_term": 35,
    "basic_sum_assured": 488505,
    "sum_assured_on_death": 1000000
  },
  "survival_and_maturity_benefits": [
    {
      "policy_anniversary": "1st - 30th",
      "cash_bonus": {
        "4%_return": 0,
        "8%_return": 9770
      }
    },
    {
      "policy_anniversary": "31st - 35th",
      "cash_bonus": {
        "4%_return": 0,
        "8%_return": 12213
      }
    },
    {
      "policy_anniversary": "9th - 35th",
      "guaranteed_income_benefit": 24425
    },
    {
      "policy_anniversary": "9th - 35th",
      "simple_reversionary_income_bonus": {
        "4%_return": 0,
        "8%_return": 19540
      }
    },
    {
      "policy_anniversary": "35th (Policy maturity Date)",
      "simple_reversionary_income_bonus_last_8_years_plus_terminal_bonus": {
        "4%_return": 879309,
        "8%_return": 1123562
      }
    }
  ]
}