{
  "policy_details": {
    "product": "HDFC Life Sampoorna Jeevan",
    "variant": "Sampoorna Jeevan 75 maturity age",
    "option": "Guaranteed Benefit Option A (Lump sum Option)",
    "bonus_option": "Bonus Option 3 (Cash Bonus Option)",
    "policyholder": {
      "name": "Rajesh",
      "age": 35
    },
    "premium": {
      "amount": 100000,
      "frequency": "annually",
      "duration": 10
    },
    "policy_term": 40,
    "basic_sum_assured": 827123,
    "sum_assured_on_death": 1000000
  },
  "benefits": [
    {
      "policy_anniversary": "2nd - 30th",
      "benefit_type": "Cash Bonus",
      "amount_4_percent": 4136,
      "amount_8_percent": 33085
    },
    {
      "policy_anniversary": "31st - 40th",
      "benefit_type": "Cash Bonus",
      "amount_4_percent": 4136,
      "amount_8_percent": 41356
    },
    {
      "policy_anniversary": "40th",
      "benefit_type": "Maturity Benefit",
      "components": [
        {
          "name": "Basic Sum Assured",
          "amount": 827123,
          "is_guaranteed": true
        },
        {
          "name": "Terminal Bonus",
          "amount_4_percent": 1885842,
          "amount_8_percent": 3597987
        }
      ]
    }
  ]
}