{
  "ABSLI_Assured_Savings_Plan_At_A_Glance": {
    "Product_Specifications": {
      "Type_of_Plan": "A Non-Linked Non-Participating Individual Savings Life Insurance Plan",
      "Coverage": "All Individuals (Male | Female | Transgender)",
      "Benefit_Option": "Lump sum Payout at Policy Maturity",
      "Premium_Payment_Term_and_Policy_Term": {
        "Premium_Payment_Term_Years": ["Single Pay", "5", "6", "7", "8", "9", "10", "11", "12"],
        "Policy_Term_Years": {
          "Minimum": ["5", "10", "12", "13", "14", "15", "16", "17", "18"],
          "Maximum": ["20", "35"]
        }
      },
      "Age_of_Life_Insured_at_Entry": {
        "Minimum": {
          "Single_Life": "30 days*",
          "Joint_Life": "18 years"
        },
        "Maximum": {
          "Single_life": "65 years",
          "Joint_Life": "50 years",
          "Single_Pay_Option_B": "50 years"
        },
        "Note": "* In case the Life Insured is a minor, the Policy will automatically vest in favour of Life Insured after attainment of majority of the Life Insured. For policies issued on minor life, the date of commencement of risk shall be the date of commencement of the policy."
      },
      "Maturity_Age_of_Life_Insured": {
        "Minimum": "18 years",
        "Maximum": {
          "General": "85 years",
          "Single_Pay_Option_B": "70 years"
        }
      },
      "Minimum_Annualized_Premium": {
        "Single_Pay": "Rs.100,000",
        "5_Pay": "Rs.20,000",
        "6-12_Pay": "Rs.30,000"
      },
      "Maximum_Annualized_Premium": "No Limit (subject to Board Approved Underwriting Policy)",
      "Premium_Payment_Frequency_and_Frequency_Loadings": {
        "Annual": "0.0%",
        "Semi-annual": "3.5%",
        "Quarterly": "5.0%",
        "Monthly": "6.0%"
      },
      "Premium_Bands": {
        "Single_Pay": {
          "Band_3": "100,000 to 199,999",
          "Band_4": "200,000 to 499,999",
          "Band_5": "500,000 to 24,99,999",
          "Band_6": "25,00,000 & above"
        },
        "Limited_Pay": {
          "Band_1": "Upto 49,999",
          "Band_2": "50,000 to 99,999",
          "Band_3": "100,000 to 199,999",
          "Band_4": "200,000 to 499,999",
          "Band_5": "500,000 to 24,99,999",
          "Band_6": "25,00,000 & above"
        }
      }
    },
    "POS_Boundary_Conditions": {
      "Premium_Payment_Term_and_Policy_Term": {
        "Premium_Payment_Term_Years": ["Single Pay", "5", "6", "7", "8", "9", "10", "11", "12"],
        "Policy_Term_Years": {
          "Minimum": ["5", "10", "12", "13", "14", "15", "16", "17", "18"],
          "Maximum": ["20"]
        }
      },
      "Age_of_Life_Insured_at_Entry": {
        "Minimum": {
          "Single_Life": "30 days*",
          "Joint_Life": "18 years"
        },
        "Maximum": {
          "General": "60 years",
          "Joint_Life_and_Single_Pay_Option_B": "50 years"
        },
        "Note": "* In case the Life Insured is a minor, the Policy will automatically vest in favour of Life Insured after attainment of majority of the Life Insured. For policies issued on minor life, the date of commencement of risk shall be the date of commencement of the policy."
      },
      "Maturity_Age_of_Life_Insured": "65 years",
      "Minimum_Annualized_Premium": {
        "Single_Pay": "Rs.100,000",
        "5_Pay": "Rs.20,000",
        "6-12_Pay": "Rs.30,000"
      },
      "Maximum_Annualized_Premium": "No Limit (subject to Board Approved Underwriting Policy)",
      "Premium_Payment_Frequency_and_Frequency_Loadings": {
        "Annual": "0.0%",
        "Semi-annual": "3.5%",
        "Quarterly": "5.0%",
        "Monthly": "6.0%"
      },
      "Maximum_Sum_Assured_on_Death": "Rs. 25,00,000"
    }
  }
}